<?xml version="1.0" encoding="utf-8"?>
<!DOCTYPE hibernate-mapping PUBLIC "-//Hibernate/Hibernate Mapping DTD 3.0//EN"
"http://hibernate.sourceforge.net/hibernate-mapping-3.0.dtd">
<!-- 
    Mapping file autogenerated by MyEclipse Persistence Tools
-->
<hibernate-mapping>
    <class name="com.intelitune.nwms.model.Customer" table="INTT_CUSTOMER">
        <id name="id" type="java.lang.Integer">
            <column name="ID" />
             <generator class="sequence">
            	<param name="sequence">SEQ_CUSTOMER</param>
            </generator>
        </id>
        <property name="name" type="java.lang.String">
            <column name="NAME" length="20" />
        </property>
        <property name="creationTime" type="java.util.Date">
            <column name="CREATION_TIME" length="23" not-null="true" />
        </property>
        <property name="address" type="java.lang.String">
            <column name="ADDRESS" length="500" />
        </property>
        <property name="remark" type="java.lang.String" >
            <column name="REMARK" length="200"  />
        </property>
       
    </class>
</hibernate-mapping>
