<?xml version="1.0" encoding="utf-8"?>
<!DOCTYPE hibernate-mapping PUBLIC "-//Hibernate/Hibernate Mapping DTD 3.0//EN"
"http://hibernate.sourceforge.net/hibernate-mapping-3.0.dtd">
<!-- 
    Mapping file autogenerated by MyEclipse Persistence Tools
-->
<hibernate-mapping>
    <class name="com.intelitune.nwms.model.InttUserCustomer" table="INTT_USER_CUSTOMER" dynamic-insert="true" dynamic-update="true">
        <id name="id" type="java.lang.Integer">
            <column name="ID" />
           <generator class="sequence">
            	<param name="sequence">SEQ_USER_CUSTOMER</param>
            </generator>
        </id>
        <many-to-one name="inttUser" class="com.intelitune.nwms.model.InttUser" fetch="select">
            <column name="USER_ID" />
        </many-to-one>
        <property name="clientId" type="java.lang.Integer">
            <column name="CLIENT_ID" />
        </property>
    </class>
</hibernate-mapping>
