<?xml version="1.0" encoding="utf-8"?>
<!DOCTYPE hibernate-mapping PUBLIC "-//Hibernate/Hibernate Mapping DTD 3.0//EN"
"http://hibernate.sourceforge.net/hibernate-mapping-3.0.dtd">
<!-- 
    Mapping file autogenerated by MyEclipse Persistence Tools
-->
<hibernate-mapping>
    <class name="com.intelitune.nwms.model.InttUserRole" table="INTT_USER_ROLE" dynamic-insert="true" dynamic-update="true">
        <id name="userRoleId" type="java.lang.Integer">
            <column name="USER_ROLE_ID" />
            <generator class="sequence">
            	<param name="sequence">SEQ_USER_ROLE</param>
            </generator>
        </id>
        <many-to-one name="inttUser" class="com.intelitune.nwms.model.InttUser" fetch="select">
            <column name="USER_ID" />
        </many-to-one>
        <many-to-one name="inttRole" class="com.intelitune.nwms.model.InttRole" fetch="select">
            <column name="ROLE_ID" />
        </many-to-one>
    </class>
</hibernate-mapping>
