<?xml version="1.0" encoding="utf-8"?>
<!DOCTYPE hibernate-mapping PUBLIC "-//Hibernate/Hibernate Mapping DTD 3.0//EN"
"http://hibernate.sourceforge.net/hibernate-mapping-3.0.dtd">
<!-- 
    Mapping file autogenerated by MyEclipse Persistence Tools
-->
<hibernate-mapping>
    <class name="com.intelitune.nwms.model.InttRole" table="INTT_ROLE" dynamic-insert="true" dynamic-update="true">
        <id name="roleId" type="java.lang.Integer">
            <column name="ROLE_ID" />
            <generator class="sequence">
            	<param name="sequence">SEQ_ROLE</param>
            </generator>
        </id>
        <property name="roleName" type="java.lang.String">
            <column name="ROLE_NAME" not-null="true" />
        </property>
        <property name="template" type="java.lang.String">
            <column name="TEMPLATE" length="500" />
        </property>
        <property name="description" type="java.lang.String">
            <column name="DESCRIPTION" length="500" />
        </property>
        <set name="inttUserRoles" inverse="true">
            <key>
                <column name="ROLE_ID" />
            </key>
            <one-to-many class="com.intelitune.nwms.model.InttUserRole" />
        </set>
    </class>
</hibernate-mapping>
