<?xml version="1.0" encoding="utf-8"?>
<!DOCTYPE hibernate-mapping PUBLIC "-//Hibernate/Hibernate Mapping DTD 3.0//EN"
"http://hibernate.sourceforge.net/hibernate-mapping-3.0.dtd">
<!-- 
    Mapping file autogenerated by MyEclipse Persistence Tools
-->
<hibernate-mapping>
    <class name="com.intelitune.nwms.model.InttUser" table="INTT_USER" dynamic-insert="true" dynamic-update="true">
        <id name="userId" type="java.lang.Integer">
            <column name="USER_ID" />
             <generator class="sequence">
            	<param name="sequence">SEQ_USER</param>
            </generator>
        </id>
        <property name="userName" type="java.lang.String">
            <column name="USER_NAME" />
        </property>
        <property name="userPassword" type="java.lang.String">
            <column name="USER_PASSWORD" />
        </property>
        <property name="userStatus" type="java.lang.Integer">
            <column name="USER_STATUS" />
        </property>
        <property name="sessionTimeOut" type="java.lang.Integer">
            <column name="SESSION_TIME_OUT" />
        </property>
        <property name="timeZone" type="java.lang.String">
            <column name="TIME_ZONE" length="50" />
        </property>
        <property name="language" type="java.lang.String">
            <column name="LANGUAGE" length="50" />
        </property>
        <property name="creationTime" type="java.util.Date">
            <column name="CREATION_TIME" length="23" />
        </property>
        <property name="lastLogin" type="java.util.Date">
            <column name="LAST_LOGIN" length="23" />
        </property>
        <property name="creator" type="java.lang.Integer">
            <column name="CREATOR" />
        </property>
        <property name="email" type="java.lang.String">
        	<column name="email"/>
        </property>
        <set name="inttUserRoles" inverse="true">
            <key>
                <column name="USER_ID" />
            </key>
            <one-to-many class="com.intelitune.nwms.model.InttUserRole" />
        </set>
 <!--       <set name="inttUserCustomers" inverse="true">
            <key>
                <column name="USER_ID" />
            </key>
            <one-to-many class="com.intelitune.nwms.model.InttUserCustomer" />
        </set> --> 
    </class>
</hibernate-mapping>
